{"cameraMode":{"drawMode":0,"name":"Shaded","section":"Shading Mode"},"sceneLighting":true,"audioPlay":false,"sceneViewState":{"showFog":true,"showMaterialUpdate":false,"showSkybox":true,"showFlares":true,"showImageEffects":true,"showParticleSystems":true,"showVisualEffectGraphs":true,"m_FxEnabled":true},"in2DMode":false,"pivot":{"x":1.8784559965133668,"y":0.8167417049407959,"z":-1.2072759866714478},"rotation":{"x":0.0010491472203284503,"y":0.47291475534439089,"z":0.0005629787920042872,"w":-0.8811060190200806},"size":3.007394790649414,"orthographic":false}